Movie,RottenTomatoesScore,ReleaseDate,CreativeType,DistributedBy,StorySource,Budget,BoxOfficeGross,OpeningWeekendGross,Genre,MPAA,RunTime,NumberScreensOpeningWeekend,GrossperScreenOpenWeekend,IMDB score,AcademyAwardNominations,GoogleHitsOfDirector,Rank
21,35,3/29/2008,Contemporary Fiction,Columbia Pictures,NA,35000000,81159365,24105943,Thriller/Suspense,PG-13,123,2648,9103,6.8,3,763000,33
"10,000 B.C.",9,3/7/2008,Pre-Historical Fiction,Warner Bros.,Original Screenplay,105000000,94784201,35867488,Adventure,PG-13,109,3410,10518,4.9,1,704000,27
27 Dresses,40,1/18/2008,Contemporary Fiction,FOX – Distributor,Original Screenplay,NA,76808654,27442040,Romantic Comedy,PG-13,111,3057,8977,6.1,0,596000,40
88 Minutes,5,4/18/2008,Contemporary Fiction,Sony Pictures,Original Screenplay,30000000,16930884,6957216,Thriller/Suspense,R,108,2168,3209,5.9,8,210000,129
Aliens vs. Predator - Requiem,13,4/15/2008,Science Fiction,20th Century Fox,Sequel,40000000,41797066,44307417,Action,R,94,2511,3853,4.9,0,60700,149
Alvin and the Chipmunks,27,12/14/2007,Kids Fiction,20th Century Fox,Based on Based on TV,70000000,217326336,44307417,Comedy,R,92,3475,12750,5.5,0,406000,49
An American Carol,13,10/3/2008,Fantasy,Vivendi Entertainment,Original Screenplay,12000000,7001720,3656000,Comedy,PG-13,83,1639,2231,4.6,5,294000,174
Appaloosa,76,9/19/2008,Historical Fiction,Warner Bros.,Based on Book/Short Story,20000000,20080574,248847,Western,R,115,14,17775,6.9,9,295000,120
Atonement,82,12/7/2007,Contemporary Fiction,Focus Features,Based on Book/Short Story,30000000,50921738,796836,Drama,R,123,32,24901,7.9,4,564000,80
Australia,54,11/26/2008,Historical Fiction,FOX – Distributor,Original Screenplay,130000000,49551002,14800723,Drama,PG-13,165,2642,5602,6.9,2,306000,62
Baby Mama,63,4/25/2008,Contemporary Fiction,Universal – Distributor,Original Screenplay,30000000,60269340,17407110,Comedy,PG-13,99,2543,6845,6.1,4,48300,52
Babylon A.D.,7,8/29/2008,Science Fiction,"FOX – Distributor, Production Company",Based on Book/Short Story,70000000,22531698,11541571,Action,PG-13,90,3390,3405,5.3,1,477000,116
Bangkok Dangerous,9,1/6/2009,Contemporary Fiction,Lionsqate,Remake,40000000,15232982,7783266,Action,R,99,2650,2937,5.4,2,81600,132
Be Kind Rewind,65,2/22/2008,Contemporary Fiction,New Line,Original Screenplay,20000000,11169531,4050655,Comedy,PG-13,102,808,5013,6.6,0,335000,150
Bedtime Stories,25,12/25/2008,Fantasy,Walt Disney,Original Screenplay,80000000,85539168,NA,Comedy,PG,99,3681,7457,6.2,0,479000,32
Beverly Hills Chihuahua,41,10/3/2008,Contemporary Fiction,Walt Disney,Original Screenplay,20000000,94497271,29300465,Comedy,PG,91,3215,9114,3.2,2,351000,28
Blindness,41,10/3/2008,Contemporary Fiction,Miramax,Based on Book/Short Story,25000000,3073392,NA,Thriller/Suspense,R,121,1690,1154,6.7,4,513000,209
Body of Lies,51,10/10/2008,Contemporary Fiction,Warner Bros.,Based on Book/Short Story,70000000,39380442,12884416,Thriller/Suspense,R,128,2710,4754,7.2,6,441000,76
Bolt,88,11/21/2008,Kids Fiction,Walt Disney,Original Screenplay,150000000,114053579,26223128,Comedy,PG,96,3651,7182,7.4,2,95400,20
Bottle Shock,47,8/6/2008,Dramatization,Freestyle Releasing,Based on Real life Events,NA,4016669,277839,Drama,PG-13,110,48,5788,6.8,0,81300,199
Brideshead Revisited,64,6/25/2008,Historical Fiction,Miramax,Based on Book/Short Story,8300000,6432256,NA,Drama,PG-13,133,33,10291,6.7,4,132000,177
Burn After Reading,77,9/12/2008,Contemporary Fiction,Focus Features,Original Screenplay,37000000,60355347,19128001,Comedy,R,96,2651,7215,7.3,12,259000,53
Cadillac Records,68,12/5/2008,Dramatization,Sony,Real life events,12000000,8134217,3445559,Drama,R,109,687,5015,6.7,1,61100,165
Changeling,61,10/31/2008,Fantasy,Universal – Distributor,Original Screenplay,55000000,35707327,9351560,Thriller/Suspense,R,141,15,32601,8,4,2510000,85
Charlie Bartlett,54,2/22/2008,Contemporary Fiction,MGM,Original Screenplay,NA,3950294,1836256,Comedy,R,97,1122,1637,7.2,2,31600,201
Charlie Wilson's War,81,12/21/2008,Dramatization,Universal,Based on Book/Short Story,75000000,66636385,15952430,Drama,R,102,2575,6195,7.3,13,199000,112
City of Ember,51,10/10/2008,Fantasy,FOX – Distributor,Based on Book/Short Story,55000000,7871693,3129473,Adventure,PG,90,2022,1548,6.4,2,101000,168
Cloverfield,76,1/18/2008,Science Fiction,Paramount,Original Screenplay,25000000,80048433,46146546,Action,PG-13,85,3411,13529,7.5,0,166000,36
College,5,8/29/2008,Contemporary Fiction,MGM,Original Screenplay,6500000,4693919,2619730,Comedy,R,94,2123,1014,4.3,0,113000,191
College Road Trip,13,3/7/2008,Contemporary Fiction,Walt Disney,Original Screenplay,NA,45588608,13601419,Comedy,G,83,2706,5026,3.5,0,104000,64
Cruising Bar 2,NA,7/27/2008,Contemporary Fiction,Alliance Atlantis,Sequel,5000000,NA,NA,Comedy,Not Rated,NA,83,2182,5.8,0,165000,204
Death Race,43,8/22/2008,Science Fiction,"Universal – Distributor, Production Company",Remake,45000000,36064910,NA,Action,R,111,NA,NA,6.7,3,123000,84
Deception,12,4/25/2008,Contemporary Fiction,FOX – Distributor,Original Screenplay,25000000,4597760,2312146,Thriller/Suspense,R,107,2001,1155,5.8,1,42200,193
Deep Sea 3-D,91,3/3/2006,Factual,Warner Bros.,Based on Real life Events,NA,42600284,692861,Documentary,G,41,43,16284,7.7,8,109000,206
"Definitely, Maybe",72,2/14/2008,Contemporary Fiction,"Universal – Distributor, Production Company",Original Screenplay,NA,31973840,11472255,Romantic Comedy,PG-13,112,2204,5205,7.4,1,141000,91
Disaster Movie,2,8/29/2008,Contemporary Fiction,Lionsqate,Original Screenplay,25000000,14190901,6945535,Comedy,PG-13,87,2642,2629,1.6,0,130000,134
Dolphins and Whales Tribes of the Ocean 3D,NA,2/15/2008,Factual,3D Entertainment,Based on Real life Events,6000000,7311962,41695,Documentary,Not Rated,42,4,10424,5.9,0,1970000,187
Doomsday,48,3/14/2008,Science Fiction,Universal,Original Screenplay,30000000,10955425,4926565,Action,R,105,1936,2545,6.1,0,216000,151
Doubt,77,12/12/2008,Historical Fiction,Miramax,Based on Play,25000000,33422556,507226,Drama,PG-13,104,15,33815,7.7,21,617000,124
Drillbit Taylor,26,3/21/2008,Contemporary Fiction,Paramount,Original Screenplay,40000000,32853640,10309986,Comedy,PG-13,110,3056,3374,5.9,0,147000,90
Eagle Eye,28,9/28/2008,Contemporary Fiction,Paramount,Original Screenplay,80000000,101111837,29150721,Thriller/Suspense,PG-13,118,3510,8305,6.7,6,539000,24
Elegy,74,8/8/2008,Contemporary Fiction,Samuel Goldwyn Films,Based on Book/Short Story,13000000,3577210,104168,Drama,R,112,6,17361,6.9,8,1900000,203
Enchanted,92,11/21/2007,Fantasy,Buena Vista,Original Screenplay,85000000,127807262,34440317,Romantic Comedy,PG,107,3730,9233,7.5,10,164000,136
Expelled: No Intelligence Allowed,10,4/18/2008,Factual,Rocky Mountain Pictures,Based on Real life Events,3500000,7598071,2970848,Documentary,PG,90,1052,2824,3.7,0,48300,170
Fireproof,40,9/26/2008,Contemporary Fiction,Samuel Goldwyn Films,Original Screenplay,500000,33451479,6804764,Drama,PG,122,839,8111,5.5,0,99000,88
First Sunday,14,1/11/2008,Contemporary Fiction,Sony/Screen Gems,Original Screenplay,NA,37931869,17714821,Comedy,PG-13,96,2213,8005,3.4,0,2950000,81
Flash of Genius,58,10/3/2008,Dramatization,"Universal – Distributor, Production Company",Real life events,20000000,3744790,2251075,Drama,PG-13,119,1098,2050,6.9,1,82400,194
Fly Me To the Moon,17,8/18/2008,Kids Fiction,Summit Entertainment,Original Screenplay,25000000,14532946,1900523,Adventure,G,84,452,4205,4.8,0,51000,143
Fool's Gold,10,2/8/2008,Contemporary Fiction,Warner Bros.,Original Screenplay,70000000,70224196,21589295,Adventure,PG-13,113,3125,6909,5.4,1,183000,45
Forgetting Sarah Marshall,84,4/18/2008,Contemporary Fiction,Universal – Distributor,Original Screenplay,NA,62877175,17725330,Comedy,R,111,2798,6335,7.4,0,93000,50
Four Christmases,25,11/26/2008,Contemporary Fiction,Warner Bros.,Original Screenplay,80000000,120146040,31069826,Comedy,PG-13,88,3310,9387,5.7,18,106000,18
Frost/Nixon,91,1/23/2009,Dramatization,"Universal – Distributor, Production Company",Play,35000000,18593156,180708,Drama,R,122,3,60236,7.9,1,636000,179
Get Smart,53,6/20/2008,Contemporary Fiction,Warner Bros.,Based on TV,80000000,130319208,38683480,Comedy,PG-13,110,3911,9891,6.8,7,498000,17
Ghost Town,85,9/19/2008,Fantasy,Paramount,Original Screenplay,20000000,13214060,5012315,Romantic Comedy,PG-13,102,1505,3330,7,1,324000,139
Gran Torino,80,1/9/2009,Contemporary Fiction,Warner Bros.,Original Screenplay,35000000,148055047,271720,Drama,R,116,6,45287,8.4,2,1850000,157
Hamlet 2,63,8/22/2008,Contemporary Fiction,Focus Features,Original Screenplay,9000000,4881867,11467,Comedy,R,92,103,4271,6.5,3,167000,189
Hancock,40,7/2/2008,Superhero,Columbia Pictures,Original Screenplay,150000000,227946274,62603879,Action,PG-13,92,3965,15789,6.6,4,158000,4
Hannah Montana/Miley Cyrus: Best of Both Worlds Concert Tour,71,2/1/2008,Factual,Walt Disney,Real life events,7000000,65281781,31117834,Concert/Performance,G,74,683,45561,2.7,0,60100,47
Happy-Go-Lucky,92,10/10/2008,Contemporary Fiction,Miramax,Original Screenplay,NA,3494485,73867,Comedy,R,118,4,18467,7.1,0,177000,208
Harold & Kumar Escape from Guantanamo Bay,54,4/25/2008,Contemporary Fiction,Warner Bros.,Sequel,12000000,38087366,14908404,Comedy,R,107,2510,5940,6.8,0,42700,79
Hellboy 2: The Golden Army,87,7/11/2008,Superhero,Universal,Sequel,72000000,75754670,34539115,Action,PG-13,120,3204,10780,7.4,2,963000,41
High School Musical 3: Senior Year,67,10/24/2008,Contemporary Fiction,Walt Disney,Sequel,11000000,90559416,42030184,Musical,G,112,3623,11601,3.7,0,2300000,30
His Dark Materials: The Golden Compass,42,12/1/2008,Fantasy,New Line,Based on Book/Short Story,NA,NA,NA,Adventure,PG-13,113,3528,7308,6.3,8,606000,148
Horton Hears a Who,78,3/14/2008,Fantasy,20th Century Fox,Based on Book/Short Story,85000000,154529439,45012998,Adventure,G,86,3954,11384,7.2,0,104000,10
How She Move,67,4/29/2008,Contemporary Fiction,Paramount Vantage,Original Screenplay,NA,7070459,3957471,Drama,PG-13,94,1531,2585,2.5,0,22900,173
I am Legend,69,3/18/2008,Science Fiction,Warner Bros.,Based on Book/Short Story,150000000,256386216,77211321,Horror,PG-13,101,3606,21412,7.1,2,379000,59
Igor,35,9/19/2008,Kids Fiction,MGM,Original Screenplay,25000000,19528602,7803347,Comedy,PG,87,2339,3336,6,0,25900,121
In Bruges,80,2/8/2008,Contemporary Fiction,Focus Features,Original Screenplay,15000000,7757130,457227,Comedy,R,107,28,16330,8.1,2,240000,169
In the Name of the King: A Dungeon Siege Tale,4,1/11/2008,Fantasy,Freestyle Releasing,Based on Game,60000000,4535117,2984524,Action,PG-13,127,1632,1829,3.8,0,307000,190
Indiana Jones and the Kingdom of the Crystal Skull,77,5/22/2008,Historical Fiction,Paramount,Sequel,185000000,317101119,126917373,Adventure,PG-13,122,4260,29793,6.6,9,2220000,3
Iron Man,93,5/2/2008,Superhero,Paramount,Based on Comic Graphic Novel,140000000,318298180,102118668,Action,PG-13,126,4105,24877,8,9,306000,2
Jodhaa Akbar,75,2/14/2008,Dramatization,UTV Communications,Based on Real life Events,NA,3440718,1602356,Drama,Not Rated,213,100,12500,7.4,0,137000,207
Journey to the Center of the Earth,61,7/11/2008,Science Fiction,Warner Bros.,Based on Book/Short Story,45000000,101702060,21018141,Adventure,PG,93,2811,7477,5.9,0,93600,23
Jumper,16,2/14/2008,Science Fiction,"FOX – Distributor, Production Company",Based on Book/Short Story,85000000,80170146,32092991,Adventure,PG-13,88,3428,9362,5.9,3,314000,35
Juno,93,12/5/2008,Contemporary Fiction,Fox Searchlight,Original Screenplay,7500000,143492840,413869,Comedy,PG-13,96,7,59124,7.9,1,2870000,13
Kit Kittredge: An American Girl,79,6/20/2008,Historical Fiction,Picturehouse,Based on Toy,10000000,17655201,220297,Drama,G,101,5,44059,6.7,3,74200,126
Kung Fu Panda,89,6/6/2008,Kids Fiction,"Paramount--Distributer, Prod-- DreamWorks Animation",Original Screenplay,130000000,215434591,60239130,Adventure,PG,92,4114,14642,7.7,10,478000,6
Lakeview Terrace,47,9/19/2008,Contemporary Fiction,Columbia Pictures,Original Screenplay,22000000,39263506,15004672,Thriller/Suspense,PG-13,110,2464,6090,6.3,1,310000,77
Leatherheads,52,4/4/2008,Historical Fiction,Universal – Distributor,Original Screenplay,58000000,31199215,12682595,Romantic Comedy,PG-13,114,2769,4580,6.1,5,3600000,97
Mad Money,23,1/18/2008,Contemporary Fiction,Overture Films,Remake,22000000,20668843,9273645,Comedy,PG-13,104,2470,3755,5.5,5,70400,119
Madagascar: Escape 2 Africa,64,11/7/2008,Kids Fiction,"Paramount--Distributer, Prof DreamWorks Animation",Sequel,150000000,179982968,63106589,Comedy,PG,89,4056,15559,6.9,1,185000,7
Made of Honor,13,5/2/2008,Contemporary Fiction,Columbia Pictures,Original Screenplay,40000000,46012734,14756850,Romantic Comedy,PG-13,101,2729,5407,5.5,0,80500,63
Magnificent Desolation,88,9/23/2005,Dramatization,IMAX Films,Based on Real life Events,NA,32533825,31868,Documentary,Not Rated,40,80,6291,7.1,10,71200,186
Mamma Mia!,53,7/18/2008,Contemporary Fiction,"Universal – Distributor, Production Company",Musical/Opera,52000000,144130063,27751240,Musical,PG-13,108,2976,9325,6.6,17,146000,12
Marley & Me,61,12/25/2008,Dramatization,FOX – Distributor,Based on Book/Short Story,60000000,143153751,36367586,Comedy,PG,120,3480,10450,7,4,845000,21
Max Payne,18,10/17/2008,Contemporary Fiction,FOX – Distributor,Game,35000000,40687294,NA,Action,PG-13,100,NA,NA,5.4,1,304000,73
Meet Dave,19,7/11/2008,Science Fiction,"FOX – Distributor, Production Company",Original Screenplay,60000000,11802056,5251918,Comedy,PG,90,3011,1744,4.8,1,211000,146
Meet the Browns,29,3/21/2008,Contemporary Fiction,Lionsqate,Based on Play,NA,41939392,148506,Comedy,PG-13,100,2006,10011,3,2,9300000,71
Meet the Spartans,2,1/25/2008,Historical Fiction,FOX – Distributor,Original Screenplay,30000000,38233676,18505530,Comedy,PG-13,84,2605,7104,2.4,0,130000,78
Michael Clayton,90,10/5/2007,Contemporary Fiction,Warner Bros.,Original Screenplay,25000000,49024969,719910,Drama,R,119,15,47994,7.5,6,992000,156
Milk,93,11/26/2008,Dramatization,Focus Features,Based on Real life Events,20000000,31841299,1481155,Drama,R,128,36,40385,7.9,6,444000,128
Miracle at St. Anna,34,9/26/2008,Historical Fiction,Walt Disney,Based on Book/Short Story,45000000,7916887,3477996,Drama,R,160,1185,2935,5.9,0,901000,167
Mirrors,15,8/15/2008,Contemporary Fiction,FOX – Distributor,Remake,35000000,30691439,11161074,Horror,R,110,2664,4190,6.1,0,191000,99
Miss Pettigrew Lives for a Day,78,3/7/2008,Historical Fiction,Focus Features,Based on Book/Short Story,NA,12294036,2490942,Comedy,PG-13,92,535,4656,7.1,6,64000,144
Mongol,87,6/6/2008,Dramatization,Picturehouse,Based on Real life Events,20000000,5701643,135526,Drama,R,126,5,27065,7.4,0,107000,182
My Best Friend's Girl,15,9/19/2008,Contemporary Fiction,Lionsqate,Original Screenplay,40000000,18748603,8265357,Comedy,R,101,2604,3174,5.8,2,1140000,122
National Treasure: The Book of Secrets,31,12/21/2008,Contemporary Fiction,Buena Vista,Sequel,130000000,219961501,65444195,Adventure,PG,124,3832,17078,6.5,14,527000,39
Never Back Down,24,3/14/2008,Contemporary Fiction,Summit Entertainment,Original Screenplay,21000000,24848292,8603195,Action,PG-13,110,2729,3153,6.2,2,55700,113
Nick and Norah's Infinite Playlist,72,10/3/2008,Contemporary Fiction,Columbia Pictures,Based on Book/Short Story,9000000,31487293,11311751,Drama,PG-13,90,2421,4672,6.9,0,50000,95
Nights in Rodanthe,31,9/26/2008,Contemporary Fiction,Warner Bros.,Based on Book/Short Story,NA,41840908,13418454,Drama,PG-13,97,2704,4962,5.7,2,86700,72
Nim's Island,49,4/4/2008,Fantasy,FOX – Distributor,Based on Book/Short Story,37000000,48002678,13210579,Adventure,PG,96,3513,3760,6.1,5,77500,61
No Country for Old Men,94,11/9/2008,Historical Fiction,Miramax,Based on Book/Short Story,25000000,74273505,1226333,Action,R,122,28,43798,8.3,7,260000,89
Nothing Like the Holidays,50,12/12/2008,Contemporary Fiction,Overture Films,Original Screenplay,NA,7502429,3531664,Comedy,PG-13,98,1671,2114,6.2,0,26400,172
One Missed Call,0,1/4/2008,Fantasy,Warner Bros.,Remake,NA,26876529,12511473,Horror,PG-13,87,2240,5585,3.5,0,90200,105
Over Her Dead Body,15,2/1/2008,Fantasy,New Line,Original Screenplay,10000000,7563670,4025115,Comedy,PG-13,95,1977,2036,5.2,0,52400,171
"P.S., I Love You",22,12/21/2007,Contemporary Fiction,Warner Bros.,Based on Book/Short Story,30000000,53695808,9283468,Romantic Comedy,PG-13,126,2454,3783,6.9,5,143000,110
Passchendaele,NA,10/24/2008,Historical Fiction,Alliance Atlantis,Original Screenplay,NA,NA,NA,Drama,Not Rated,114,204,3201,6.9,0,233000,195
Penelope,50,2/29/2008,Contemporary Fiction,Summit Entertainment,Original Screenplay,15000000,10011274,3802144,Drama,PG,104,1196,3179,7.1,0,29800,155
Persepolis,96,12/25/2007,Dramatization,Sony Pictures,Based on Based on Comic Graphic Novel,7300000,4443403,136962,Drama,PG-13,96,7,12689,8,1,285000,196
Pride and Glory,34,10/24/2008,Contemporary Fiction,Warner Bros.,Original Screenplay,30000000,15709385,6262396,Drama,R,130,2585,2423,6.8,6,841000,131
Prom Night,9,4/11/2008,Contemporary Fiction,Sony/Screen Gems,Remake,18000000,43869350,20804941,Horror,PG-13,88,2700,7706,3.6,0,80600,67
Punisher: War Zone,26,12/5/2008,Superhero,Lionsqate,Sequel,35000000,7948159,4271451,Action,R,103,2508,1703,6.2,0,120000,166
Quantum of Solace,64,11/14/2008,Contemporary Fiction,Columbia Pictures,Sequel,200000000,168368427,67528882,Action,PG-13,106,3451,19568,6.9,7,1190000,9
Quarantine,59,10/10/2008,Contemporary Fiction,Sony/Screen Gems,Sequel,12000000,31691811,14211321,Horror,R,89,2461,5775,6.1,0,3150000,94
Rachel Getting Married,86,10/3/2008,Contemporary Fiction,Sony Pictures,Original Screenplay,NA,12796277,293369,Drama,R,113,9,32597,6.9,4,160000,154
Rambo,37,1/25/2008,Contemporary Fiction,Lionsqate,Sequel,50000000,42724402,18203876,Action,R,92,2751,6617,7.3,1,884000,69
Religulous,70,10/1/2008,Factual,Lionsqate,Based on Real life Events,NA,12995673,3409643,Documentary,R,101,502,6792,7.8,0,310000,140
Righteous Kill,20,9/12/2008,Contemporary Fiction,Overture Films,Original Screenplay,60000000,40076438,16288361,Thriller/Suspense,R,101,3152,5168,6.1,15,210000,74
RocknRolla,59,10/8/2008,Contemporary Fiction,Warner Bros.,Original Screenplay,18000000,5694401,144701,Action,R,114,7,20672,7.3,2,800000,183
Role Models,76,11/7/2008,Contemporary Fiction,"Universal – Distributor, Production Company",Original Screenplay,28000000,67294280,19167085,Comedy,R,99,2792,6865,7.2,0,197000,46
"Run, Fat Boy, Run",48,3/22/2008,Contemporary Fiction,Picturehouse,Original Screenplay,NA,5998971,2340743,Comedy,PG-13,100,1133,2066,6.8,0,242000,181
Saw V,15,10/24/2008,Contemporary Fiction,Lionsqate,Sequel,10800000,56729973,30053954,Horror,R,92,3060,9822,5.8,0,101000,56
Sea Monsters: A Prehistoric Adventure,100,10/5/2007,Factual,National Geographic Entertainment,Based on Real life Events,NA,23038670,605722,Documentary,Not Rated,40,252,2404,7.2,0,8560,133
Semi-Pro,21,2/29/2008,Historical Fiction,New Line,Original Screenplay,NA,33472850,15075114,Comedy,R,91,3121,4830,5.7,2,31800,87
Seven Pounds,27,12/19/2008,Contemporary Fiction,Columbia Pictures,Original Screenplay,55000000,69951824,14851136,Drama,PG-13,123,2758,5385,7.6,3,892000,54
Sex and the City,50,5/30/2008,Contemporary Fiction,Warner Bros.,Based on TV,65000000,152647258,56848056,Comedy,R,145,3285,17305,5.5,2,151000,11
Sex Drive,45,10/17/2008,Contemporary Fiction,Summit Entertainment,Based on Book/Short Story,19000000,8402485,NA,Comedy,R,109,2421,1490,6.8,0,43000,164
Shine a Light,86,4/4/2008,Factual,Paramount,Real life events,NA,5355376,1488081,Documentary,R,122,276,5392,7.3,0,1040000,184
Shutter,7,3/21/2008,Contemporary Fiction,FOX – Distributor,Remake,NA,25926543,10447559,Horror,PG-13,85,2753,3795,4.8,0,44900,108
Slumdog Millionaire,93,11/12/2008,Contemporary Fiction,FOX – Distributor,Original Screenplay,15000000,141319195,360018,Drama,R,120,10,36002,8.4,0,377000,103
Smart People,49,4/11/2008,Contemporary Fiction,Miramax,Original Screenplay,NA,9496882,4092466,Romantic Comedy,R,95,1106,3700,6.4,4,45500,160
Soul Men,45,11/7/2008,Contemporary Fiction,MGM,Original Screenplay,NA,12081447,5401605,Comedy,R,100,2044,2643,6.5,1,96900,145
Space Chimps,37,7/18/2008,Kids Fiction,FOX – Distributor,Original Screenplay,37000000,30105968,7181374,Adventure,G,81,2511,2860,4.5,0,32000,100
Space Station,87,4/19/2002,Factual,IMAX Films,Based on Real life Events,NA,81882005,13744,Documentary,Not Rated,47,NA,NA,7.4,0,120000,153
Speed Racer,37,5/9/2008,Science Fiction,Warner Bros.,Based on Based on TV,120000000,43945766,18561337,Action,PG,135,3606,5147,6.4,5,621000,66
Star Wars: The Clone Wars,19,8/15/2008,Science Fiction,Warner Bros.,Sequel,8500000,35154336,14611273,Adventure,PG,98,3452,4233,5.4,1,119000,86
Step Brothers,55,7/25/2008,Contemporary Fiction,Columbia Pictures,Original Screenplay,65000000,100468793,30940732,Comedy,R,98,3094,10000,6.7,3,612000,25
Step Up 2 the Streets,26,2/14/2008,Contemporary Fiction,Buena Vista,Sequel,NA,58017783,22125429,Drama,PG-13,98,2470,8958,5.5,0,74700,55
Stop-Loss,64,3/28/2008,Dramatization,Paramount,Real life events,25000000,10911750,4555117,Drama,R,112,1291,3528,6.6,0,89800,152
Strange Wilderness,0,2/1/2008,Contemporary Fiction,Paramount,Original Screenplay,NA,6563357,3001719,Comedy,R,87,1208,2485,5.1,1,132000,176
Street Kings,37,4/11/2008,Contemporary Fiction,Fox Searchlight,Original Screenplay,20000000,26415649,12469631,Thriller/Suspense,R,109,2467,5055,7,1,139000,107
Superhero Movie,15,3/28/2008,Superhero,MGM,Original Screenplay,35000000,25871834,9510297,Comedy,PG-13,75,2960,3213,4.3,0,71400,109
Sweeney Todd: The Demon Barber of Fleet Street,85,12/21/2007,Historical Fiction,Paramount Pictures,Based on Musical/Opera,50000000,52898073,13635390,Musical,R,116,1249,10917,7.8,4,1430000,117
Swing Vote,37,8/1/2008,Contemporary Fiction,Walt Disney,Original Screenplay,21000000,16284360,6230669,Comedy,PG-13,120,2213,2815,6.1,2,2760000,130
Tell No One,93,NA,NA,NA,NA,NA,6177192,169707,Thriller/Suspense,Not Rated,131,8,21213,7.6,2,423000,180
The Band's Visit,98,NA,NA,NA,NA,NA,3053823,NA,Comedy,PG-13,87,7,9542,7.7,0,54800,210
The Bank Job,79,3/7/2008,Dramatization,Lionsqate,Based on Real life Events,20000000,30028592,5935256,Thriller/Suspense,R,111,1603,3703,7.5,0,298000,101
The Boy in the Striped Pyjamas,65,11/7/2008,Historical Fiction,Miramax,Based on Book/Short Story,12500000,9030581,253085,Drama,PG-13,94,17,14887,7.8,0,155000,163
The Bucket List,42,12/25/2007,Contemporary Fiction,Warner Bros.,Original Screenplay,45000000,93452056,582534,Comedy,PG-13,97,16,36408,7.5,16,383000,29
The Chronicles of Narnia: Prince Caspian,66,5/16/2008,Fantasy,Buena Vista,Based on Book/Short Story,225000000,141621490,55034805,Adventure,PG,150,3929,14007,6.9,2,709000,14
The Counterfeiters,94,NA,NA,NA,NA,6340000,5488570,NA,Drama,R,98,8,10939,7.7,0,308000,185
The Curious Case of Benjamin Button,71,12/25/2008,Fantasy,Paramount,Based on Book/Short Story,150000000,127506326,26853816,Drama,PG-13,166,2988,8987,8.1,9,317000,38
The Dark Knight,94,7/18/2008,Superhero,Warner Bros.,Sequel,185000000,533316061,159411483,Action,PG-13,152,4366,36283,8.9,13,286000,1
The Day the Earth Stood Still,21,12/12/2008,Science Fiction,"FOX – Distributor, Production Company",Remake,80000000,79366978,30480153,Adventure,PG-13,104,3560,8562,5.6,4,160000,42
The Diving Bell and the Butterfly,93,NA,NA,NA,NA,14000000,5107379,NA,Drama,PG-13,112,3,25240,8.1,1,454400,188
The Duchess,61,9/19/2008,Dramatization,Paramount,Based on Book/Short Story,NA,13823741,190426,Drama,PG-13,110,7,27204,7,3,77700,135
The Express,62,10/4/2008,Dramatization,Universal – Distributor,Based on Book/Short Story,40000000,9589875,4562675,Drama,PG,130,2808,1625,7.1,1,109000,158
The Eye,22,2/1/2008,Fantasy,Lionsqate,Remake,12000000,31418697,12425776,Thriller/Suspense,PG-13,98,2436,5101,5.3,0,78500,96
The Family That Preys,53,1/13/2008,Contemporary Fiction,Lionsqate,Original Screenplay,NA,36405889,17381218,Comedy,PG-13,111,2070,8397,3.5,5,9300000,83
The Forbidden Kingdom,64,4/18/2008,Fantasy,Lionsqate,Based on Book/Short Story,55000000,52040293,21401121,Action,PG-13,113,3151,6792,6.8,0,1420000,58
The Great Debaters,79,12/25/2007,Dramatization,Weinstein Co.,Based on Real life Events,15000000,30226144,9184022,Drama,PG-13,126,1171,7843,7.6,6,531000,137
The Happening,18,6/13/2008,Science Fiction,"FOX – Distributor, Production Company",Original Screenplay,60000000,64506874,30517109,Thriller/Suspense,R,91,2986,10220,5.2,1,267000,48
The Haunting of Molly Hartley,3,10/31/2008,Fantasy,Freestyle Releasing,Original Screenplay,5000000,13350177,5423315,Thriller/Suspense,PG-13,82,2652,2045,3.6,0,20000,138
The House Bunny,39,8/22/2008,Contemporary Fiction,Columbia Pictures,Original Screenplay,NA,48237389,16036,Comedy,PG-13,97,2714,3750,5.6,0,132000,60
The Incredible Hulk,66,6/13/2008,Superhero,Universal – Distributor,Sequel,150000000,134518390,55414050,Adventure,PG-13,112,3505,15810,7.2,9,272000,15
The Kite Runner,66,12/14/2007,Contemporary Fiction,Paramount Vantage,Based on Book/Short Story,20000000,15797907,471713,Drama,PG-13,128,35,13478,7.8,0,1240000,162
The Longshots,40,8/22/2008,Dramatization,MGM,Based on Real life Events,23000000,11508423,13215,Drama,PG,94,2089,1953,3.4,0,316000,147
The Love Guru,14,6/20/2008,Contemporary Fiction,Paramount,Original Screenplay,62000000,32235793,13907130,Comedy,PG-13,87,3012,4617,3.9,4,44600,92
The Mummy: Tomb of the Dragon Emperor,13,8/1/2008,Fantasy,"Universal – Distributor, Production Company",Sequel,145000000,102491776,40457770,Adventure,PG-13,112,3760,10760,5.2,0,811000,22
The Orphanage,86,NA,NA,NA,NA,NA,6821123,NA,Horror,R,105,19,12280,7.7,0,875000,175
The Other Boleyn Girl,41,2/29/2008,Historical Fiction,Columbia Pictures,Based on Book/Short Story,35000000,26814957,8203061,Drama,PG-13,115,1166,7035,6.7,2,171000,106
The Pineapple Express,68,8/6/2008,Contemporary Fiction,Sony Pictures,Original Screenplay,27000000,87341380,23245025,Comedy,R,111,3072,7567,7.2,1,159000,31
The Pirates Who Don't Do Anything: A VeggieTales Movie,43,1/11/2008,Kids Fiction,"Universal – Distributor, Production Company",Spin-Off,NA,12701880,4251320,Comedy,G,85,1337,4251320,5.2,0,51200,141
The Reader,62,12/10/2008,Contemporary Fiction,Weinstein Co.,Based on Book/Short Story,32000000,34194407,2380376,Drama,R,124,8,21006,7.7,8,1300000,205
The Rocker,39,8/20/2008,Contemporary Fiction,FOX – Distributor,Original Screenplay,15000000,6409528,4861,Comedy,PG-13,102,2784,947,6.3,0,75700,178
The Ruins,46,4/4/2008,Contemporary Fiction,Paramount,Based on Book/Short Story ,8000000,17427926,8003241,Horror,R,90,2812,2846,6,0,181000,127
The Savages,89,11/28/2007,Contemporary Fiction,Fox Searchlight,Original Screenplay,NA,6610326,151859,Drama,R,113,4,37965,7.4,6,115000,192
The Secret Life of Bees,58,10/17/2008,Historical Fiction,FOX – Distributor,Based on Book/Short Story,11000000,37766350,10527799,Drama,PG-13,114,1,10527799,7.1,3,56200,82
The Sisterhood of the Traveling Pants 2,64,8/6/2008,Contemporary Fiction,Warner Bros.,Sequel,NA,44087387,10678430,Adventure,PG-13,117,2707,3945,6.2,1,51100,65
The Spiderwick Chronicles,79,2/14/2008,Fantasy,Paramount,Based on Book/Short Story,90000000,71148699,24740537,Adventure,PG,96,3847,6431,6.8,3,555000,44
The Spirit,15,12/25/2008,Superhero,Lionsqate,Based on Based on Comic Graphic Novel,NA,19781879,6463278,Action,PG-13,103,2509,2576,5,1,356000,125
The Strangers,44,5/30/2008,Contemporary Fiction,Universal – Distributor,Original Screenplay,10000000,52534295,20997985,Thriller/Suspense,R,86,2466,8515,6.1,0,56600,57
The Tale of Despereaux,55,12/19/2008,Kids Fiction,"Universal – Distributor, Production Company",Based on Book/Short Story,NA,50818750,10103675,Adventure,G,93,2758,3663,6.1,14,107000,68
The Visitor,90,4/11/2008,Contemporary Fiction,Overture Films,Original Screenplay,NA,9422422,86488,Comedy,PG-13,104,4,21622,7.9,1,331000,161
The Water Horse: Legend of the Deep,73,12/25/2007,Fantasy,Sony Pictures,Traditional/Legen/Fairytale,45000000,40412817,14070469,Drama,PG,112,2772,5076,6.6,2,231000,123
The Women,13,9/12/2008,Contemporary Fiction,Picturehouse,Original Screenplay,16500000,26902075,10115121,Comedy,PG-13,114,2962,3415,4.7,7,79400,104
The X-Files: I Want to Believe,32,7/25/2008,Science Fiction,20th Century Fox,Sequel,30000000,20981633,10021753,Action,PG-13,104,3185,3147,5.9,0,172000,118
Then She Found Me,51,4/25/2008,Contemporary Fiction,ThinkFilm,Original Screenplay,3500000,3735717,72594,Romantic Comedy,R,100,9,8066,6.1,3,331000,202
There Will Be Blood,91,12/26/2007,Historical Fiction,Paramount Vantage,Based on Drama,25000000,40218903,302845,Drama,R,158,2,151423,8.2,4,154000,75
Traitor,61,8/27/2008,Contemporary Fiction,Overture Films,Original Screenplay,22000000,23530831,10006327,Thriller/Suspense,PG-13,114,2054,4872,7.1,1,57700,114
Transporter 3,38,11/26/2008,Contemporary Fiction,Lionsqate,Se+F189:H192quel,40000000,31316973,12063452,Action,PG-13,104,2626,4594,5.9,0,86300,93
Tropic Thunder,82,8/13/2008,Contemporary Fiction,Paramount,Original Screenplay,92000000,110416702,25812796,Comedy,R,107,3319,7777,7.2,11,2220000,19
Twilight,49,11/21/2008,Fantasy,Summit Entertainment,Based on Book/Short Story,37000000,191465414,69637740,Drama,PG-13,122,3419,20368,5.9,0,262000,8
U2 3D,92,1/23/2008,Factual,National Geographic Entertainment,Based on Real life Events,NA,10290362,964315,Concert/Performance,G,85,61,15808,8.4,0,79850,159
Under the Same Moon,73,NA,NA,NA,NA,NA,12589108,2770000,Drama,PG-13,106,266,10413,7.5,0,24100,142
Untraceable,14,1/25/2008,Contemporary Fiction,Sony/Screen Gems,Original Screenplay,35000000,28687835,11354069,Thriller/Suspense,R,101,2316,4902,6.1,1,399000,102
Valkyrie,61,12/25/2008,Dramatization,United Artists,Based on Real life Events,75000000,83077833,21027007,Thriller/Suspense,PG-13,121,2711,7756,7.3,7,280000,51
Vantage Point,35,2/22/2008,Contemporary Fiction,Sony Pictures,Original Screenplay,40000000,72266306,22874936,Thriller/Suspense,PG-13,90,3149,7264,6.7,8,95900,43
Vicky Cristina Barcelona,82,8/15/2008,Contemporary Fiction,MGM,Original Screenplay,15500000,23213577,3755575,Comedy,PG-13,96,692,5427,7.4,5,4400000,115
W.,60,10/17/2008,Dramatization,Lionsqate,Based on Real life Events,25100000,25534493,10505668,Drama,PG-13,129,2,5252834,6.6,4,631000,111
Walk Hard: The Dewey Cox Story,74,12/21/2007,Historical Fiction,Sony Pictures,Original Screenplay,35000000,18317151,6257174,Comedy,R,96,2650,1575,6.8,1,69700,198
WALL-E,96,6/27/2008,Kids Fiction,Buena Vista,Original Screenplay,180000000,223808164,63087526,Comedy,G,98,3992,15803,8.6,3,1050000,5
Welcome Home Roscoe Jenkins,24,2/8/2008,Contemporary Fiction,Universal,Original Screenplay,27500000,42436517,16207730,Comedy,PG-13,114,2387,6790,4.4,3,4770000,70
What Happens in Vegas...,28,5/3/2008,Contemporary Fiction,20th Century Fox,Original Screenplay,35000000,80276912,20172474,Romantic Comedy,PG-13,99,3215,6274,5.9,1,127000,34
Witless Protection,0,2/22/2008,Contemporary Fiction,Lionsqate,Original Screenplay,7500000,4131640,2116692,Comedy,PG-13,97,1333,1588,2.5,0,24400,197
Yes Man,43,12/19/2008,Contemporary Fiction,Warner Bros.,Based on Book/Short Story,70000000,97690976,18262471,Comedy,PG-13,104,3434,5318,7,1,178000,37
You Don't Mess With the Zohan,36,6/6/2008,Contemporary Fiction,Columbia Pictures,Original Screenplay,90000000,100018837,38531374,Comedy,PG-13,113,3462,11130,5.7,0,516000,26
Young @ Heart,88,4/9/2008,Factual,Fox Searchlight,Based on Real life Events,NA,3964040,50937,Documentary,PG,107,4,12734,7.9,0,111100,200
Zack and Miri Make a Porno,65,10/31/2008,Contemporary Fiction,Weinstein Co.,Original Screenplay,24000000,31457946,10065630,Comedy,R,101,2735,3680,7.1,0,703000,98
